use saloonBeauty;

-- заполнение таблицы Типы услуг
insert into servTypes(servTypeCode, servType, servTypeActivity)
values
(1,'парикмахерские', 'да'),
(2,'маникюр', 'да'),
(3,'косметические', 'да'),
(4,'массаж', 'да'),
(5,'педикюр', 'да');

-- заполнение таблицы Мастера
insert into masters (masterCode, masterName, masterTel, servTypeCode, masterActivity)
values
(1,'Щукина Алина',     '1234567890', 1, 'да'),
(2,'Окунева Ольга',    '2345678901', 2, 'да'),
(3,'Сомова Татьяна',   '3456789012', 3, 'да'),
(4,'Таранкина Алла',   '4567890123', 4, 'да'),
(5,'Осетрова Наталья', '5678901234', 5, 'да');

-- заполнение таблицы Клиенты
insert into clients (clientCode, clientName, clientTel, clientActivity)
values
(1,'Голубева Марина',    '1234567890', 'да'),
(2,'Воробьёва Юлия',     '2345678901', 'да'),
(3,'Чайкина Галина',     '3456789012', 'да'),
(4,'Воронова Елизавета', '4567890123', 'да'),
(5,'Щеглова Екатерина',  '5678901234', 'да');

-- заполнение таблицы Услуги
insert into services (servCode, servName, servPrice, servDuration, servTypeCode, servActivity)
values
(1,  'стрижка бокс',        400, 1, 1, 'да'),
(2,  'стрижка полубокс',    600, 1, 1, 'да'),
(3,  'стрижка британка',    800, 2, 1, 'да'),
(4,  'стрижка цезарь',      1000, 2, 1, 'да'),
(5,  'стрижка боб',         1000, 2, 1, 'да'),
(6,  'стрижка каре',        1100, 2, 1, 'да'),
(7,  'стрижка пикси',       1200, 2, 1, 'да'),
(8,  'стрижка каскад',      1300, 2, 1, 'да'),
(9,  'маникюр классический',1000, 2, 2, 'да'),
(10, 'маникюр аппаратный',  1500, 3, 2, 'да'),
(11, 'визаж',               1000, 2, 3, 'да'),
(12, 'маска',                500, 1, 3, 'да'),
(13, 'массаж лица',         1000, 1, 3, 'да'),
(14, 'массаж рук',          500, 1, 4, 'да'),
(15, 'массаж ног',          700, 1, 4, 'да'),
(16, 'массаж спины',         1000,1, 4, 'да'),
(17, 'массаж ворот.',         700,1, 4, 'да'),
(18, 'педикюр классический', 1000,2, 5, 'да'),
(19, 'педикюр аппаратный',   1000,2, 5, 'да');

-- заполнение таблицы оказания услуг
insert into appointments (appCode, masterCode, clientCode, servTypeCode, servCode, queueFrom, queueTo, appDate)
values
(1,1,5,1,8, 1,2,'2025-09-29'),
(2,1,2,1,7, 3,4,'2025-09-29'),
(3,1,3,1,6, 4,5,'2025-09-29'),
(4,1,4,1,4, 6,7,'2025-09-29'),
(5,2,1,2,9, 3,4,'2025-09-29'),
(6,2,4,2,10,4,6,'2025-09-29'),
(7,4,5,5,15,5,6,'2025-09-29'),
(8,4,3,4,16,7,7,'2025-09-29');

-- дополнительные обновления для установки активности (на случай если какие-то записи остались NULL)
update clients set clientActivity = 'да' where clientActivity is null;
update servTypes set servTypeActivity = 'да' where servTypeActivity is null;
update masters set masterActivity = 'да' where masterActivity is null;
update services set servActivity = 'да' where servActivity is null;

-- добавление анонимного клиента
-- use saloonBeauty;
INSERT INTO clients (clientCode, clientName, clientTel) 
VALUES (6, 'Анонимный клиент', '+70000000000');